<?xml version="1.0" encoding="utf-8"?>
<!--/463301/1179822/2.50/4/2/Connector/-->
<quadcept_library>
  <setting unit="mil" />
  <textstyle name="Default" height="47.244094488189" strokewidth="7.8740157480315" charwidth="47.244094488189" />
  <textstyle name="Dimension" height="19.6850393700787" strokewidth="0" charwidth="19.6850393700787" />
  <textstyle name="H127W0635TH00762" height="50" strokewidth="3" charwidth="25" />
  <textstyle name="H15W15TH02" height="59.0551181102362" strokewidth="7.8740157480315" charwidth="59.0551181102362" />
  <padstyle name="c210_h140" surface="False" plated="True" isvia="False" nopaste="True" nomask="True" complex="False" holesize="55.11811023622">
    <padshape layer="TOP" shape="round" width="82.67716535433" height="82.67716535433" />
    <padshape layer="TOP_SOLDER_MASK" shape="round" width="90.551181102361" height="90.551181102361" />
    <padshape layer="INNER" shape="round" width="82.67716535433" height="82.67716535433" />
    <padshape layer="BOTTOM" shape="round" width="82.67716535433" height="82.67716535433" />
    <padshape layer="BOTTOM_SOLDER_MASK" shape="round" width="90.551181102361" height="90.551181102361" />
  </padstyle>
  <padstyle name="s210_h140" surface="False" plated="True" isvia="False" nopaste="True" nomask="True" complex="False" holesize="55.11811023622">
    <padshape layer="TOP" shape="square" width="82.67716535433" height="82.67716535433" />
    <padshape layer="TOP_SOLDER_MASK" shape="square" width="90.551181102361" height="90.551181102361" />
    <padshape layer="INNER" shape="round" width="82.67716535433" height="82.67716535433" />
    <padshape layer="BOTTOM" shape="square" width="82.67716535433" height="82.67716535433" />
    <padshape layer="BOTTOM_SOLDER_MASK" shape="square" width="90.551181102361" height="90.551181102361" />
  </padstyle>
  <footprint name="SHDR4W120P0X508_1X4_2012X850X1200P" originx="0" originy="0" pickpointx="0" pickpointy="0">
    <pcbpin number="1" name="1" style="s210_h140" originx="0" originy="0" rotation="90" />
    <pcbpin number="2" name="2" style="c210_h140" originx="200" originy="0" rotation="90" />
    <pcbpin number="3" name="3" style="c210_h140" originx="400" originy="0" rotation="90" />
    <pcbpin number="4" name="4" style="c210_h140" originx="599.99999999999" originy="0" rotation="90" />
    <line layer="TOP_PLACE_BOUND" originx="-105.90551181102" originy="-159.44881889764" endx="-105.90551181102" endy="194.88188976378" width="1.9685039370079" />
    <line layer="TOP_PLACE_BOUND" originx="-105.90551181102" originy="194.88188976378" endx="705.90551181102" endy="194.88188976378" width="1.9685039370079" />
    <line layer="TOP_PLACE_BOUND" originx="705.90551181102" originy="194.88188976378" endx="705.90551181102" endy="-159.44881889764" width="1.9685039370079" />
    <line layer="TOP_PLACE_BOUND" originx="705.90551181102" originy="-159.44881889764" endx="-105.90551181102" endy="-159.44881889764" width="1.9685039370079" />
    <line layer="TOP_ASSEMBLY" originx="-96.062992125983" originy="-149.6062992126" endx="-96.062992125983" endy="185.03937007874" width="3.9370078740157" />
    <line layer="TOP_ASSEMBLY" originx="-96.062992125983" originy="185.03937007874" endx="696.06299212598" endy="185.03937007874" width="3.9370078740157" />
    <line layer="TOP_ASSEMBLY" originx="696.06299212598" originy="185.03937007874" endx="696.06299212598" endy="-149.6062992126" width="3.9370078740157" />
    <line layer="TOP_ASSEMBLY" originx="696.06299212598" originy="-149.6062992126" endx="-96.062992125983" endy="-149.6062992126" width="3.9370078740157" />
    <line layer="TOP_SILKSCREEN" originx="0" originy="-149.6062992126" endx="696.06299212598" endy="-149.6062992126" width="7.8740157480314" />
    <line layer="TOP_SILKSCREEN" originx="696.06299212598" originy="-149.6062992126" endx="696.06299212598" endy="185.03937007874" width="7.8740157480314" />
    <line layer="TOP_SILKSCREEN" originx="696.06299212598" originy="185.03937007874" endx="-96.062992125983" endy="185.03937007874" width="7.8740157480314" />
    <line layer="TOP_SILKSCREEN" originx="-96.062992125983" originy="185.03937007874" endx="-96.062992125983" endy="0" width="7.8740157480314" />
  </footprint>
  <symbol name="1146380000" originx="0" originy="0">
    <line originx="200" originy="100" endx="600" endy="100" width="0" />
    <line originx="600" originy="-400" endx="600" endy="100" width="0" />
    <line originx="600" originy="-400" endx="200" endy="-400" width="0" />
    <line originx="200" originy="100" endx="200" endy="-400" width="0" />
    <sympin number="1" originx="200" originy="0" rotation="180" length="100" width="7.8740157480315" flipped="False">
      <text name="pinname" originx="230" originy="0" style="Default" rotation="0" justify="left" flipped="False" hidden="False" data="1" />
      <text name="pindes" originx="140" originy="20" style="Default" rotation="0" justify="lowerright" flipped="False" hidden="False" data="1" />
    </sympin>
    <sympin number="2" originx="200" originy="-100" rotation="180" length="100" width="7.8740157480315" flipped="False">
      <text name="pinname" originx="230" originy="-100" style="Default" rotation="0" justify="left" flipped="False" hidden="False" data="2" />
      <text name="pindes" originx="140" originy="-80" style="Default" rotation="0" justify="lowerright" flipped="False" hidden="False" data="2" />
    </sympin>
    <sympin number="3" originx="200" originy="-200" rotation="180" length="100" width="7.8740157480315" flipped="False">
      <text name="pinname" originx="230" originy="-200" style="Default" rotation="0" justify="left" flipped="False" hidden="False" data="3" />
      <text name="pindes" originx="140" originy="-180" style="Default" rotation="0" justify="lowerright" flipped="False" hidden="False" data="3" />
    </sympin>
    <sympin number="4" originx="200" originy="-300" rotation="180" length="100" width="7.8740157480315" flipped="False">
      <text name="pinname" originx="230" originy="-300" style="Default" rotation="0" justify="left" flipped="False" hidden="False" data="4" />
      <text name="pindes" originx="140" originy="-280" style="Default" rotation="0" justify="lowerright" flipped="False" hidden="False" data="4" />
    </sympin>
  </symbol>
  <component name="1146380000" designatorprefix="J" height="472.44094488188" footprint="SHDR4W120P0X508_1X4_2012X850X1200P">
    <comppin designator="1" sympin="1" pinswap="0" gateswap="0" gate="1" group="1" side="" type="Any" name="1" />
    <comppin designator="2" sympin="2" pinswap="0" gateswap="0" gate="1" group="1" side="" type="Any" name="2" />
    <comppin designator="3" sympin="3" pinswap="0" gateswap="0" gate="1" group="1" side="" type="Any" name="3" />
    <comppin designator="4" sympin="4" pinswap="0" gateswap="0" gate="1" group="1" side="" type="Any" name="4" />
    <attached_symbol gate="1" name="1146380000" />
    <pinmap designator="1" footprintpin="1" />
    <pinmap designator="2" footprintpin="2" />
    <pinmap designator="3" footprintpin="3" />
    <pinmap designator="4" footprintpin="4" />
    <text name="Datasheet" originx="0" originy="0" style="Default" rotation="0" justify="" flipped="False" hidden="True" data="http://catalog.weidmueller.com/createDatasheetForMobile.do?ordernumber=1146380000&amp;scope1=1&amp;scope2=1&amp;localeId=en" />
    <text name="Description" originx="0" originy="0" style="Default" rotation="0" justify="" flipped="False" hidden="True" data="PCB plug-in connector, male header, open side, THT solder connection, 5.08 mm, Number of poles: 4, 180, Solder pin length: 3.2 mm, tinned, orange, Box" />
    <text name="Manufacturer_Name" originx="0" originy="0" style="Default" rotation="0" justify="" flipped="False" hidden="True" data="Weidmuller" />
    <text name="Manufacturer_Part_Number" originx="650" originy="200" style="Default" rotation="0" justify="left" flipped="False" hidden="False" data="1146380000" />
    <text name="Mouser Part Number" originx="0" originy="0" style="Default" rotation="0" justify="" flipped="False" hidden="True" data="470-1146380000" />
    <text name="Mouser Price/Stock" originx="0" originy="0" style="Default" rotation="0" justify="" flipped="False" hidden="True" data="https://www.mouser.co.uk/ProductDetail/Weidmuller/1146380000?qs=WJDKaGZ8K%252B5M5T7FYz8XlQ%3D%3D" />
    <text name="Arrow Part Number" originx="0" originy="0" style="Default" rotation="0" justify="" flipped="False" hidden="True" data="" />
    <text name="Arrow Price/Stock" originx="0" originy="0" style="Default" rotation="0" justify="" flipped="False" hidden="True" data="" />
  </component>
</quadcept_library>
